query_id,start,goal,algorithm,found,path,hops,path_cost_km,expanded,max_frontier,runtime_ms
Q1,KUL,KEF,BFS,True,KUL -> AMS -> KEF,2,12274.31753121269,284,1679,24.660800001583993
Q1,KUL,KEF,DFS,True,KUL -> ADL -> CNS -> GUM -> CTS -> HIJ -> DLC -> CGO -> BAV -> NAY -> HLD -> COQ -> ULN -> FRU -> CEK -> EVN -> AER -> KIV -> BLQ -> ACE -> BFS -> DBV -> BGO -> KEF,23,41767.82327702519,2112,859,30.332199996337295
Q1,KUL,KEF,UCS,True,KUL -> HKT -> LED -> HEL -> KEF,4,11461.348578050694,1851,616,29.65130005031824
Q2,SIN,EZE,BFS,True,SIN -> AMS -> EZE,2,21976.108024099405,233,1629,14.47509997524321
Q2,SIN,EZE,DFS,True,SIN -> ADL -> CNS -> GUM -> CTS -> HIJ -> DLC -> CGO -> BAV -> NAY -> HLD -> COQ -> ULN -> FRU -> ALA -> GYD -> ASB -> BHX -> ABZ -> BGO -> BLL -> AAL -> AAR -> BMA -> MMX -> BEG -> ATH -> AMM -> ADE -> ASM -> JUB -> ADD -> ACC -> ABJ -> CKY -> OXB -> RAI -> BOS -> ATL -> EZE,39,65213.83567240245,904,858,13.519899919629097
Q2,SIN,EZE,UCS,True,SIN -> JNB -> GRU -> EZE,3,17817.356252826285,3002,620,37.252800073474646
Q3,NRT,CPT,BFS,True,NRT -> AMS -> CPT,2,19005.893768605238,173,1727,12.765899999067187
Q3,NRT,CPT,DFS,True,NRT -> AKL -> PER -> HKT -> CKG -> CGO -> BAV -> CIF -> HLD -> COQ -> NZH -> IKT -> ABA -> NSK -> AER -> EVN -> ATH -> ADB -> ADA -> EBL -> GOT -> AAR -> AAL -> BLL -> AHO -> AOI -> CTA -> BRI -> CAG -> KRK -> BFS -> ACE -> BIO -> IBZ -> BRN -> OLB -> BOD -> AJA -> AVN -> LIG -> SOU -> JER -> DSA -> KTW -> KUT -> DOK -> DWC -> AMD -> BLR -> CCJ -> AAN -> PEW -> DSK -> PZH -> UET -> MHD -> MED -> AHB -> ADE -> ASM -> JUB -> ADD -> ACC -> WDH -> CPT,64,91541.43195914895,1414,785,13.447799952700734
Q3,NRT,CPT,UCS,True,NRT -> HKG -> MRU -> CPT,3,14813.319264012905,3042,1018,33.18509995006025
